IP,Name
3.82.0.92/32,Okta Public IP 1
3.89.235.71/32,Okta Public IP 2
3.93.155.251/32,Okta Public IP 3
3.209.190.45/32,Okta Public IP 4
3.211.11.39/32,Okta Public IP 5
3.213.199.23/32,Okta Public IP 6
3.219.96.46/32,Okta Public IP 7
3.226.27.146/32,Okta Public IP 8
3.228.125.233/32,Okta Public IP 9
3.228.137.207/32,Okta Public IP 10
3.230.200.115/32,Okta Public IP 11
3.232.206.170/32,Okta Public IP 12
3.234.176.133/32,Okta Public IP 13
18.204.109.174/32,Okta Public IP 14
18.204.121.42/32,Okta Public IP 15
18.205.120.122/32,Okta Public IP 16
18.205.121.184/32,Okta Public IP 17
18.206.1.0/32,Okta Public IP 18
18.206.6.207/32,Okta Public IP 19
18.206.105.228/32,Okta Public IP 20
18.208.93.55/32,Okta Public IP 21
18.208.97.91/32,Okta Public IP 22
18.209.52.228/32,Okta Public IP 23
18.209.75.116/32,Okta Public IP 24
18.209.113.128/26,Okta Public IP 25
18.210.185.123/32,Okta Public IP 26
18.210.202.65/32,Okta Public IP 27
18.210.226.134/32,Okta Public IP 28
18.210.226.249/32,Okta Public IP 29
18.210.249.209/32,Okta Public IP 30
18.211.150.170/32,Okta Public IP 31
18.211.204.6/32,Okta Public IP 32
18.211.217.115/32,Okta Public IP 33
18.212.0.168/32,Okta Public IP 34
18.212.43.70/32,Okta Public IP 35
18.213.72.172/32,Okta Public IP 36
18.213.152.156/32,Okta Public IP 37
18.213.162.39/32,Okta Public IP 38
18.213.173.112/32,Okta Public IP 39
18.213.221.208/32,Okta Public IP 40
18.213.244.31/32,Okta Public IP 41
18.213.255.14/32,Okta Public IP 42
18.214.13.226/32,Okta Public IP 43
18.214.29.252/32,Okta Public IP 44
18.214.43.227/32,Okta Public IP 45
18.214.61.20/32,Okta Public IP 46
18.214.70.68/32,Okta Public IP 47
18.214.80.21/32,Okta Public IP 48
18.214.91.146/32,Okta Public IP 49
18.214.105.0/32,Okta Public IP 50
18.214.106.230/32,Okta Public IP 51
18.214.118.120/32,Okta Public IP 52
18.214.129.49/32,Okta Public IP 53
18.214.138.155/32,Okta Public IP 54
18.214.141.37/32,Okta Public IP 55
18.214.199.63/32,Okta Public IP 56
18.214.207.134/32,Okta Public IP 57
18.214.216.102/32,Okta Public IP 58
18.214.233.127/32,Okta Public IP 59
18.214.237.3/32,Okta Public IP 60
18.214.247.61/32,Okta Public IP 61
18.215.24.11/32,Okta Public IP 62
18.215.26.4/32,Okta Public IP 63
18.215.46.180/32,Okta Public IP 64
18.215.65.99/32,Okta Public IP 65
18.215.67.36/32,Okta Public IP 66
18.215.69.215/32,Okta Public IP 67
18.215.105.244/32,Okta Public IP 68
18.215.110.184/32,Okta Public IP 69
18.215.139.76/32,Okta Public IP 70
18.215.139.221/32,Okta Public IP 71
18.215.139.251/32,Okta Public IP 72
18.232.27.190/32,Okta Public IP 73
18.232.39.36/32,Okta Public IP 74
18.232.196.203/32,Okta Public IP 75
18.232.217.162/32,Okta Public IP 76
18.232.226.254/32,Okta Public IP 77
18.233.145.54/32,Okta Public IP 78
18.236.11.229/32,Okta Public IP 79
18.236.59.136/32,Okta Public IP 80
23.21.56.100/32,Okta Public IP 81
23.21.111.242/32,Okta Public IP 82
23.21.113.84/32,Okta Public IP 83
23.21.120.216/32,Okta Public IP 84
23.21.188.136/32,Okta Public IP 85
23.21.202.177/32,Okta Public IP 86
23.21.203.151/32,Okta Public IP 87
23.21.220.245/32,Okta Public IP 88
23.21.230.22/32,Okta Public IP 89
23.21.231.189/32,Okta Public IP 90
23.22.192.73/32,Okta Public IP 91
23.23.124.137/32,Okta Public IP 92
23.23.234.166/32,Okta Public IP 93
34.192.82.184/32,Okta Public IP 94
34.193.146.128/32,Okta Public IP 95
34.193.149.9/32,Okta Public IP 96
34.196.16.97/32,Okta Public IP 97
34.196.126.232/32,Okta Public IP 98
34.197.132.26/32,Okta Public IP 99
34.198.71.253/32,Okta Public IP 100
34.198.207.37/32,Okta Public IP 101
34.201.226.82/32,Okta Public IP 102
34.202.89.251/32,Okta Public IP 103
34.202.114.70/32,Okta Public IP 104
34.202.149.224/32,Okta Public IP 105
34.202.222.15/32,Okta Public IP 106
34.203.255.192/26,Okta Public IP 107
34.206.249.118/32,Okta Public IP 108
34.207.51.94/32,Okta Public IP 109
34.209.107.230/32,Okta Public IP 110
34.217.170.83/32,Okta Public IP 111
34.218.156.127/32,Okta Public IP 112
34.223.95.128/27,Okta Public IP 113
34.224.190.91/32,Okta Public IP 114
34.225.170.33/32,Okta Public IP 115
34.226.25.226/32,Okta Public IP 116
34.230.237.20/32,Okta Public IP 117
34.231.149.193/32,Okta Public IP 118
34.232.9.172/32,Okta Public IP 119
34.232.43.168/32,Okta Public IP 120
34.232.82.186/32,Okta Public IP 121
34.232.145.255/32,Okta Public IP 122
34.233.96.147/32,Okta Public IP 123
34.233.180.48/32,Okta Public IP 124
34.234.37.64/32,Okta Public IP 125
34.234.133.222/32,Okta Public IP 126
34.235.212.255/32,Okta Public IP 127
34.236.97.182/32,Okta Public IP 128
34.237.50.173/32,Okta Public IP 129
34.238.6.63/32,Okta Public IP 130
34.238.196.244/32,Okta Public IP 131
34.239.14.207/32,Okta Public IP 132
34.239.36.97/32,Okta Public IP 133
34.239.60.253/32,Okta Public IP 134
34.239.73.6/32,Okta Public IP 135
35.153.214.153/32,Okta Public IP 136
35.155.83.50/32,Okta Public IP 137
35.155.128.3/32,Okta Public IP 138
35.160.153.62/32,Okta Public IP 139
35.160.174.115/32,Okta Public IP 140
35.163.186.214/32,Okta Public IP 141
35.164.78.160/32,Okta Public IP 142
35.165.94.114/32,Okta Public IP 143
35.165.238.96/32,Okta Public IP 144
35.166.101.225/32,Okta Public IP 145
35.166.141.128/32,Okta Public IP 146
35.166.214.252/32,Okta Public IP 147
35.167.147.26/32,Okta Public IP 148
35.167.177.126/32,Okta Public IP 149
35.167.185.142/32,Okta Public IP 150
35.168.104.66/32,Okta Public IP 151
35.168.141.22/32,Okta Public IP 152
35.168.177.210/32,Okta Public IP 153
35.168.197.35/32,Okta Public IP 154
35.168.202.253/32,Okta Public IP 155
35.168.242.145/32,Okta Public IP 156
35.169.12.81/32,Okta Public IP 157
35.170.4.157/32,Okta Public IP 158
35.171.97.176/32,Okta Public IP 159
35.171.141.170/32,Okta Public IP 160
35.171.210.106/32,Okta Public IP 161
35.171.242.74/32,Okta Public IP 162
35.172.126.60/32,Okta Public IP 163
35.172.152.16/32,Okta Public IP 164
35.174.20.41/32,Okta Public IP 165
35.174.48.156/32,Okta Public IP 166
35.174.103.86/32,Okta Public IP 167
35.174.121.25/32,Okta Public IP 168
35.174.169.125/32,Okta Public IP 169
44.227.233.166/32,Okta Public IP 170
44.229.222.178/32,Okta Public IP 171
44.232.71.176/32,Okta Public IP 172
44.235.240.204/32,Okta Public IP 173
44.236.57.165/32,Okta Public IP 174
44.236.81.92/32,Okta Public IP 175
44.237.73.115/32,Okta Public IP 176
44.237.114.154/32,Okta Public IP 177
44.237.123.56/32,Okta Public IP 178
44.240.7.25/32,Okta Public IP 179
44.240.106.180/32,Okta Public IP 180
44.240.156.104/32,Okta Public IP 181
50.16.242.108/32,Okta Public IP 182
50.16.242.193/32,Okta Public IP 183
50.17.60.249/32,Okta Public IP 184
50.17.176.180/32,Okta Public IP 185
50.17.248.46/32,Okta Public IP 186
50.19.107.73/32,Okta Public IP 187
50.19.107.116/32,Okta Public IP 188
50.19.107.162/32,Okta Public IP 189
50.19.107.226/32,Okta Public IP 190
50.19.225.214/32,Okta Public IP 191
50.19.250.62/32,Okta Public IP 192
50.112.110.29/32,Okta Public IP 193
50.112.120.112/32,Okta Public IP 194
50.112.120.122/32,Okta Public IP 195
50.112.120.162/32,Okta Public IP 196
50.112.120.189/32,Okta Public IP 197
50.112.120.226/32,Okta Public IP 198
50.112.121.165/32,Okta Public IP 199
50.112.121.193/32,Okta Public IP 200
50.112.124.45/32,Okta Public IP 201
50.112.124.47/32,Okta Public IP 202
52.0.61.215/32,Okta Public IP 203
52.1.56.75/32,Okta Public IP 204
52.1.65.161/32,Okta Public IP 205
52.1.145.184/32,Okta Public IP 206
52.1.235.71/32,Okta Public IP 207
52.3.238.237/32,Okta Public IP 208
52.7.28.177/32,Okta Public IP 209
52.7.101.96/32,Okta Public IP 210
52.11.249.255/32,Okta Public IP 211
52.13.138.51/32,Okta Public IP 212
52.13.177.77/32,Okta Public IP 213
52.13.233.100/32,Okta Public IP 214
52.21.12.93/32,Okta Public IP 215
52.21.118.50/32,Okta Public IP 216
52.22.21.123/32,Okta Public IP 217
52.24.65.21/32,Okta Public IP 218
52.24.130.170/32,Okta Public IP 219
52.24.159.51/32,Okta Public IP 220
52.25.36.15/32,Okta Public IP 221
52.25.138.88/32,Okta Public IP 222
52.26.184.33/32,Okta Public IP 223
52.27.149.252/32,Okta Public IP 224
52.35.50.192/32,Okta Public IP 225
52.35.51.135/32,Okta Public IP 226
52.35.147.181/32,Okta Public IP 227
52.36.207.230/32,Okta Public IP 228
52.38.32.46/32,Okta Public IP 229
52.40.7.213/32,Okta Public IP 230
52.41.113.175/32,Okta Public IP 231
52.42.29.218/32,Okta Public IP 232
52.43.110.95/32,Okta Public IP 233
52.44.155.8/32,Okta Public IP 234
52.70.98.56/32,Okta Public IP 235
52.71.70.64/32,Okta Public IP 236
52.71.74.113/32,Okta Public IP 237
52.71.112.101/32,Okta Public IP 238
52.72.34.134/32,Okta Public IP 239
52.73.143.191/32,Okta Public IP 240
52.87.4.159/32,Okta Public IP 241
52.88.30.84/32,Okta Public IP 242
52.88.245.156/32,Okta Public IP 243
52.200.115.227/32,Okta Public IP 244
52.200.197.156/32,Okta Public IP 245
52.202.44.14/32,Okta Public IP 246
52.204.217.72/32,Okta Public IP 247
52.206.198.212/32,Okta Public IP 248
52.207.21.207/32,Okta Public IP 249
52.207.88.176/32,Okta Public IP 250
54.68.221.171/32,Okta Public IP 251
54.69.197.96/32,Okta Public IP 252
54.71.107.12/32,Okta Public IP 253
54.81.1.92/32,Okta Public IP 254
54.82.97.76/32,Okta Public IP 255
54.82.186.104/32,Okta Public IP 256
54.83.39.70/32,Okta Public IP 257
54.83.39.79/32,Okta Public IP 258
54.83.45.80/32,Okta Public IP 259
54.86.175.97/32,Okta Public IP 260
54.86.204.118/32,Okta Public IP 261
54.89.52.11/32,Okta Public IP 262
54.145.255.140/32,Okta Public IP 263
54.147.140.211/32,Okta Public IP 264
54.148.92.73/32,Okta Public IP 265
54.156.5.212/32,Okta Public IP 266
54.158.173.127/32,Okta Public IP 267
54.162.72.87/32,Okta Public IP 268
54.163.224.96/32,Okta Public IP 269
54.163.240.100/32,Okta Public IP 270
54.163.247.137/32,Okta Public IP 271
54.163.250.93/32,Okta Public IP 272
54.163.250.175/32,Okta Public IP 273
54.163.255.229/32,Okta Public IP 274
54.165.163.230/32,Okta Public IP 275
54.165.170.15/32,Okta Public IP 276
54.166.200.68/32,Okta Public IP 277
54.172.51.31/32,Okta Public IP 278
54.174.84.81/32,Okta Public IP 279
54.189.238.173/32,Okta Public IP 280
54.189.255.224/27,Okta Public IP 281
54.197.107.46/32,Okta Public IP 282
54.197.192.160/27,Okta Public IP 283
54.200.53.172/32,Okta Public IP 284
54.201.170.125/32,Okta Public IP 285
54.201.225.95/32,Okta Public IP 286
54.203.145.181/32,Okta Public IP 287
54.203.188.154/32,Okta Public IP 288
54.203.248.112/32,Okta Public IP 289
54.203.252.78/32,Okta Public IP 290
54.208.240.221/32,Okta Public IP 291
54.210.77.10/32,Okta Public IP 292
54.211.44.254/32,Okta Public IP 293
54.213.254.193/32,Okta Public IP 294
54.214.191.114/32,Okta Public IP 295
54.214.251.247/32,Okta Public IP 296
54.214.252.78/32,Okta Public IP 297
54.214.253.241/32,Okta Public IP 298
54.214.254.193/32,Okta Public IP 299
54.218.192.52/32,Okta Public IP 300
54.218.219.9/32,Okta Public IP 301
54.218.245.98/32,Okta Public IP 302
54.221.216.145/32,Okta Public IP 303
54.221.217.68/32,Okta Public IP 304
54.221.217.72/32,Okta Public IP 305
54.221.222.17/32,Okta Public IP 306
54.224.122.158/32,Okta Public IP 307
54.227.135.148/32,Okta Public IP 308
54.235.64.85/32,Okta Public IP 309
54.235.64.95/32,Okta Public IP 310
54.235.64.96/32,Okta Public IP 311
54.235.64.100/32,Okta Public IP 312
54.235.64.102/32,Okta Public IP 313
54.235.68.72/31,Okta Public IP 314
54.235.68.74/32,Okta Public IP 315
54.235.68.76/32,Okta Public IP 316
54.235.68.78/32,Okta Public IP 317
54.235.107.71/32,Okta Public IP 318
54.235.118.189/32,Okta Public IP 319
54.235.244.173/32,Okta Public IP 320
54.237.172.125/32,Okta Public IP 321
54.243.50.205/32,Okta Public IP 322
54.243.51.23/32,Okta Public IP 323
54.243.198.44/32,Okta Public IP 324
54.243.207.71/32,Okta Public IP 325
54.243.212.161/32,Okta Public IP 326
54.243.212.165/32,Okta Public IP 327
54.244.90.165/32,Okta Public IP 328
54.244.92.253/32,Okta Public IP 329
54.244.92.254/32,Okta Public IP 330
54.244.93.0/32,Okta Public IP 331
54.244.115.143/32,Okta Public IP 332
54.245.77.225/32,Okta Public IP 333
54.245.89.3/32,Okta Public IP 334
54.245.89.24/32,Okta Public IP 335
54.245.89.26/32,Okta Public IP 336
54.245.89.35/32,Okta Public IP 337
54.245.89.46/32,Okta Public IP 338
54.245.93.35/32,Okta Public IP 339
54.245.102.6/32,Okta Public IP 340
54.245.109.251/32,Okta Public IP 341
75.101.132.60/32,Okta Public IP 342
107.20.82.76/32,Okta Public IP 343
107.20.244.149/32,Okta Public IP 344
107.21.220.50/32,Okta Public IP 345
107.22.173.115/32,Okta Public IP 346
107.22.174.147/32,Okta Public IP 347
107.22.176.74/32,Okta Public IP 348
107.22.222.34/32,Okta Public IP 349
184.72.166.120/32,Okta Public IP 350
184.72.239.181/32,Okta Public IP 351
184.72.239.183/32,Okta Public IP 352
184.73.186.14/32,Okta Public IP 353
184.73.186.54/32,Okta Public IP 354
184.73.186.59/32,Okta Public IP 355
184.73.186.64/32,Okta Public IP 356
